Pools;Stake;Share
AVENGERS;1850000000;5.17
BINANCE;1440000000;4.04
WAVE;847630000;2.37
ADALITE;703050000;1.97
ETORO;530440000;1.48
EVE;512310000;1.43
MS;462700000;1.29
1PCT;357780000;1
NEW GIRL;347710000;0.97
EDEN;275230000;0.77
SWM;269720000;0.75
NORTH;267900000;0.75
KILN;257550000;0.72
IOG;255500000;0.71
FOO;227940000;0.64
LEO;226340000;0.63
NEW GUY;224480000;0.63
OCEAN;224330000;0.63
SECUR;216670000;0.61
ADV;208710000;0.58
CCV;202490000;0.57
RAY;195990000;0.55
DIGI;195990000;0.55
BLOOM;191510000;0.54
BD;188480000;0.53
EMURGO;182210000;0.51
CRDNS;171800000;0.48
ZZZ;166820000;0.47
SPS;159570000;0.45
AZUR;151240000;0.42
BLANK;142200000;0.40
NEDS;140130000;0.39
ATADA;137480000;0.38
ONYX;135580000;0.38
SIPO;133510000;0.37
HODLA;132470000;0.37
CNODE;131610000;0.37
COOL;124370000;0.35
JAPAN;121220000;0.34
ITC;113000000;0.32
BCSH;112360000;0.31
JAZZ;111430000;0.31
NA;105760000;0.30
BTCS;104580000;0.29
XSP;102200000;0.29
AWP;101900000;0.29
ACL;100390000;0.28
STI;99900000;0.28
AICHI;99130000;0.28
TERA;93090000;0.26
PILOT;92900000;0.26
GOAT;89380000;0.25
PAUL;89210000;0.25
SUNNY;87770000;0.25
CLS;85070000;0.24
VIPER;82710000;0.23
POP;81830000;0.23
KTN;80720000;0.23
NGINE;78640000;0.22
WEP;78010000;0.22
4ADA;75450000;0.21
NOTE;71850000;0.20
BRAVO;70160000;0.20
CCJ;69050000;0.19
CAFE;68910000;0.19
TITAN;68660000;0.19
SPIRE;68310000;0.19
MINSWAP;65900000;0.18
FUN;65200000;0.18
NDE;64560000;0.18
KOPI;62900000;0.18
ADASTAT;62650000;0.18
BEAST;60900000;0.17
QQQ;59840000;0.17
ANGEL;59390000;0.17
KIWI;56550000;0.16
ATLAS;55070000;0.15
SBP;53000000;0.15
TREZOR;52910000;0.15
HRMS;52500000;0.15
P2P;48590000;0.14
LGNS;48430000;0.14
KAIZN;47510000;0.13
DNEWS;47120000;0.13
ZETIC;45850000;0.13
NAP;45690000;0.13
JOY;43950000;0.12
CTEC;41390000;0.12
PS;38180000;0.11
FIMI;37850000;0.11
ADAST;36890000;0.10
NKR;36570000;0.10
CSN;31690000;0.09
MASTR;31000000;0.09
SWIM;29460000;0.08
COPI;28700000;0.08
MUEN;26160000;0.07
LOVE;25820000;0.07
THC;25750000;0.07
NERD;23860000;0.07
ADOSIA;23720000;0.07
WHO KNOWS;23340000;0.07
POWER;22540000;0.06
TANTUM;22340000;0.06
CEX;19930000;0.06
ELITE;19900000;0.06
STACK;18750000;0.05
IBEX;18500000;0.05
KYSN;18120000;0.05
CHEAP;17610000;0.05
WMOPS;17150000;0.05
IAMX;16900000;0.05
JSP;16250000;0.05
LONDN;15060000;0.04
VOLT;14020000;0.04
SCAR;13740000;0.04
GENS;12630000;0.04
KNY;12380000;0.03
CANUK;12180000;0.03
BSSP;11570000;0.03
GIFT;11560000;0.03
DIVY;11110000;0.03
VINCE;10740000;0.03
DSHIN;9580000;0.03
CONGE;9130000;0.03
HUSKY;8420000;0.02
DAN;8290000;0.02
NETA;6140000;0.02
NEIGTH;5800000;0.02
ARCADIA;5720000;0.02
CSWAP;5610000;0.02
CAPEX;5490000;0.02
ZPNG;5210000;0.01
AY;4940000;0.01
DEW;4910000;0.01
UKADA;4610000;0.01
0PCT;4320000;0.01
WIRA;4250000;0.01
AMS;4060000;0.01
VS;3750000;0.01
EEL;3610000;0.01
ACP;2580000;0.01
KTO;2380000;0.01
EMP;2250000;0.01
KID;2220000;0.01
Single 1;3045685;0.01
Single 2;3045685;0.01
Single 3;3045685;0.01
Single 4;3045685;0.01
Single 5;3045685;0.01
Single 6;3045685;0.01
Single 7;3045685;0.01
Single 8;3045685;0.01
Single 9;3045685;0.01
Single 10;3045685;0.01
Single 11;3045685;0.01
Single 12;3045685;0.01
Single 13;3045685;0.01
Single 14;3045685;0.01
Single 15;3045685;0.01
Single 16;3045685;0.01
Single 17;3045685;0.01
Single 18;3045685;0.01
Single 19;3045685;0.01
Single 20;3045685;0.01
Single 21;3045685;0.01
Single 22;3045685;0.01
Single 23;3045685;0.01
Single 24;3045685;0.01
Single 25;3045685;0.01
Single 26;3045685;0.01
Single 27;3045685;0.01
Single 28;3045685;0.01
Single 29;3045685;0.01
Single 30;3045685;0.01
Single 31;3045685;0.01
Single 32;3045685;0.01
Single 33;3045685;0.01
Single 34;3045685;0.01
Single 35;3045685;0.01
Single 36;3045685;0.01
Single 37;3045685;0.01
Single 38;3045685;0.01
Single 39;3045685;0.01
Single 40;3045685;0.01
Single 41;3045685;0.01
Single 42;3045685;0.01
Single 43;3045685;0.01
Single 44;3045685;0.01
Single 45;3045685;0.01
Single 46;3045685;0.01
Single 47;3045685;0.01
Single 48;3045685;0.01
Single 49;3045685;0.01
Single 50;3045685;0.01
Single 51;3045685;0.01
Single 52;3045685;0.01
Single 53;3045685;0.01
Single 54;3045685;0.01
Single 55;3045685;0.01
Single 56;3045685;0.01
Single 57;3045685;0.01
Single 58;3045685;0.01
Single 59;3045685;0.01
Single 60;3045685;0.01
Single 61;3045685;0.01
Single 62;3045685;0.01
Single 63;3045685;0.01
Single 64;3045685;0.01
Single 65;3045685;0.01
Single 66;3045685;0.01
Single 67;3045685;0.01
Single 68;3045685;0.01
Single 69;3045685;0.01
Single 70;3045685;0.01
Single 71;3045685;0.01
Single 72;3045685;0.01
Single 73;3045685;0.01
Single 74;3045685;0.01
Single 75;3045685;0.01
Single 76;3045685;0.01
Single 77;3045685;0.01
Single 78;3045685;0.01
Single 79;3045685;0.01
Single 80;3045685;0.01
Single 81;3045685;0.01
Single 82;3045685;0.01
Single 83;3045685;0.01
Single 84;3045685;0.01
Single 85;3045685;0.01
Single 86;3045685;0.01
Single 87;3045685;0.01
Single 88;3045685;0.01
Single 89;3045685;0.01
Single 90;3045685;0.01
Single 91;3045685;0.01
Single 92;3045685;0.01
Single 93;3045685;0.01
Single 94;3045685;0.01
Single 95;3045685;0.01
Single 96;3045685;0.01
Single 97;3045685;0.01
Single 98;3045685;0.01
Single 99;3045685;0.01
Single 100;3045685;0.01
Single 101;3045685;0.01
Single 102;3045685;0.01
Single 103;3045685;0.01
Single 104;3045685;0.01
Single 105;3045685;0.01
Single 106;3045685;0.01
Single 107;3045685;0.01
Single 108;3045685;0.01
Single 109;3045685;0.01
Single 110;3045685;0.01
Single 111;3045685;0.01
Single 112;3045685;0.01
Single 113;3045685;0.01
Single 114;3045685;0.01
Single 115;3045685;0.01
Single 116;3045685;0.01
Single 117;3045685;0.01
Single 118;3045685;0.01
Single 119;3045685;0.01
Single 120;3045685;0.01
Single 121;3045685;0.01
Single 122;3045685;0.01
Single 123;3045685;0.01
Single 124;3045685;0.01
Single 125;3045685;0.01
Single 126;3045685;0.01
Single 127;3045685;0.01
Single 128;3045685;0.01
Single 129;3045685;0.01
Single 130;3045685;0.01
Single 131;3045685;0.01
Single 132;3045685;0.01
Single 133;3045685;0.01
Single 134;3045685;0.01
Single 135;3045685;0.01
Single 136;3045685;0.01
Single 137;3045685;0.01
Single 138;3045685;0.01
Single 139;3045685;0.01
Single 140;3045685;0.01
Single 141;3045685;0.01
Single 142;3045685;0.01
Single 143;3045685;0.01
Single 144;3045685;0.01
Single 145;3045685;0.01
Single 146;3045685;0.01
Single 147;3045685;0.01
Single 148;3045685;0.01
Single 149;3045685;0.01
Single 150;3045685;0.01
Single 151;3045685;0.01
Single 152;3045685;0.01
Single 153;3045685;0.01
Single 154;3045685;0.01
Single 155;3045685;0.01
Single 156;3045685;0.01
Single 157;3045685;0.01
Single 158;3045685;0.01
Single 159;3045685;0.01
Single 160;3045685;0.01
Single 161;3045685;0.01
Single 162;3045685;0.01
Single 163;3045685;0.01
Single 164;3045685;0.01
Single 165;3045685;0.01
Single 166;3045685;0.01
Single 167;3045685;0.01
Single 168;3045685;0.01
Single 169;3045685;0.01
Single 170;3045685;0.01
Single 171;3045685;0.01
Single 172;3045685;0.01
Single 173;3045685;0.01
Single 174;3045685;0.01
Single 175;3045685;0.01
Single 176;3045685;0.01
Single 177;3045685;0.01
Single 178;3045685;0.01
Single 179;3045685;0.01
Single 180;3045685;0.01
Single 181;3045685;0.01
Single 182;3045685;0.01
Single 183;3045685;0.01
Single 184;3045685;0.01
Single 185;3045685;0.01
Single 186;3045685;0.01
Single 187;3045685;0.01
Single 188;3045685;0.01
Single 189;3045685;0.01
Single 190;3045685;0.01
Single 191;3045685;0.01
Single 192;3045685;0.01
Single 193;3045685;0.01
Single 194;3045685;0.01
Single 195;3045685;0.01
Single 196;3045685;0.01
Single 197;3045685;0.01
Single 198;3045685;0.01
Single 199;3045685;0.01
Single 200;3045685;0.01
Single 201;3045685;0.01
Single 202;3045685;0.01
Single 203;3045685;0.01
Single 204;3045685;0.01
Single 205;3045685;0.01
Single 206;3045685;0.01
Single 207;3045685;0.01
Single 208;3045685;0.01
Single 209;3045685;0.01
Single 210;3045685;0.01
Single 211;3045685;0.01
Single 212;3045685;0.01
Single 213;3045685;0.01
Single 214;3045685;0.01
Single 215;3045685;0.01
Single 216;3045685;0.01
Single 217;3045685;0.01
Single 218;3045685;0.01
Single 219;3045685;0.01
Single 220;3045685;0.01
Single 221;3045685;0.01
Single 222;3045685;0.01
Single 223;3045685;0.01
Single 224;3045685;0.01
Single 225;3045685;0.01
Single 226;3045685;0.01
Single 227;3045685;0.01
Single 228;3045685;0.01
Single 229;3045685;0.01
Single 230;3045685;0.01
Single 231;3045685;0.01
Single 232;3045685;0.01
Single 233;3045685;0.01
Single 234;3045685;0.01
Single 235;3045685;0.01
Single 236;3045685;0.01
Single 237;3045685;0.01
Single 238;3045685;0.01
Single 239;3045685;0.01
Single 240;3045685;0.01
Single 241;3045685;0.01
Single 242;3045685;0.01
Single 243;3045685;0.01
Single 244;3045685;0.01
Single 245;3045685;0.01
Single 246;3045685;0.01
Single 247;3045685;0.01
Single 248;3045685;0.01
Single 249;3045685;0.01
Single 250;3045685;0.01
Single 251;3045685;0.01
Single 252;3045685;0.01
Single 253;3045685;0.01
Single 254;3045685;0.01
Single 255;3045685;0.01
Single 256;3045685;0.01
Single 257;3045685;0.01
Single 258;3045685;0.01
Single 259;3045685;0.01
Single 260;3045685;0.01
Single 261;3045685;0.01
Single 262;3045685;0.01
Single 263;3045685;0.01
Single 264;3045685;0.01
Single 265;3045685;0.01
Single 266;3045685;0.01
Single 267;3045685;0.01
Single 268;3045685;0.01
Single 269;3045685;0.01
Single 270;3045685;0.01
Single 271;3045685;0.01
Single 272;3045685;0.01
Single 273;3045685;0.01
Single 274;3045685;0.01
Single 275;3045685;0.01
Single 276;3045685;0.01
Single 277;3045685;0.01
Single 278;3045685;0.01
Single 279;3045685;0.01
Single 280;3045685;0.01
Single 281;3045685;0.01
Single 282;3045685;0.01
Single 283;3045685;0.01
Single 284;3045685;0.01
Single 285;3045685;0.01
Single 286;3045685;0.01
Single 287;3045685;0.01
Single 288;3045685;0.01
Single 289;3045685;0.01
Single 290;3045685;0.01
Single 291;3045685;0.01
Single 292;3045685;0.01
Single 293;3045685;0.01
Single 294;3045685;0.01
Single 295;3045685;0.01
Single 296;3045685;0.01
Single 297;3045685;0.01
Single 298;3045685;0.01
Single 299;3045685;0.01
Single 300;3045685;0.01
Single 301;3045685;0.01
Single 302;3045685;0.01
Single 303;3045685;0.01
Single 304;3045685;0.01
Single 305;3045685;0.01
Single 306;3045685;0.01
Single 307;3045685;0.01
Single 308;3045685;0.01
Single 309;3045685;0.01
Single 310;3045685;0.01
Single 311;3045685;0.01
Single 312;3045685;0.01
Single 313;3045685;0.01
Single 314;3045685;0.01
Single 315;3045685;0.01
Single 316;3045685;0.01
Single 317;3045685;0.01
Single 318;3045685;0.01
Single 319;3045685;0.01
Single 320;3045685;0.01
Single 321;3045685;0.01
Single 322;3045685;0.01
Single 323;3045685;0.01
Single 324;3045685;0.01
Single 325;3045685;0.01
Single 326;3045685;0.01
Single 327;3045685;0.01
Single 328;3045685;0.01
Single 329;3045685;0.01
Single 330;3045685;0.01
Single 331;3045685;0.01
Single 332;3045685;0.01
Single 333;3045685;0.01
Single 334;3045685;0.01
Single 335;3045685;0.01
Single 336;3045685;0.01
Single 337;3045685;0.01
Single 338;3045685;0.01
Single 339;3045685;0.01
Single 340;3045685;0.01
Single 341;3045685;0.01
Single 342;3045685;0.01
Single 343;3045685;0.01
Single 344;3045685;0.01
Single 345;3045685;0.01
Single 346;3045685;0.01
Single 347;3045685;0.01
Single 348;3045685;0.01
Single 349;3045685;0.01
Single 350;3045685;0.01
Single 351;3045685;0.01
Single 352;3045685;0.01
Single 353;3045685;0.01
Single 354;3045685;0.01
Single 355;3045685;0.01
Single 356;3045685;0.01
Single 357;3045685;0.01
Single 358;3045685;0.01
Single 359;3045685;0.01
Single 360;3045685;0.01
Single 361;3045685;0.01
Single 362;3045685;0.01
Single 363;3045685;0.01
Single 364;3045685;0.01
Single 365;3045685;0.01
Single 366;3045685;0.01
Single 367;3045685;0.01
Single 368;3045685;0.01
Single 369;3045685;0.01
Single 370;3045685;0.01
Single 371;3045685;0.01
Single 372;3045685;0.01
Single 373;3045685;0.01
Single 374;3045685;0.01
Single 375;3045685;0.01
Single 376;3045685;0.01
Single 377;3045685;0.01
Single 378;3045685;0.01
Single 379;3045685;0.01
Single 380;3045685;0.01
Single 381;3045685;0.01
Single 382;3045685;0.01
Single 383;3045685;0.01
Single 384;3045685;0.01
Single 385;3045685;0.01
Single 386;3045685;0.01
Single 387;3045685;0.01
Single 388;3045685;0.01
Single 389;3045685;0.01
Single 390;3045685;0.01
Single 391;3045685;0.01
Single 392;3045685;0.01
Single 393;3045685;0.01
Single 394;3045685;0.01
Single 395;3045685;0.01
Single 396;3045685;0.01
Single 397;3045685;0.01
Single 398;3045685;0.01
Single 399;3045685;0.01
Single 400;3045685;0.01
Single 401;3045685;0.01
Single 402;3045685;0.01
Single 403;3045685;0.01
Single 404;3045685;0.01
Single 405;3045685;0.01
Single 406;3045685;0.01
Single 407;3045685;0.01
Single 408;3045685;0.01
Single 409;3045685;0.01
Single 410;3045685;0.01
Single 411;3045685;0.01
Single 412;3045685;0.01
Single 413;3045685;0.01
Single 414;3045685;0.01
Single 415;3045685;0.01
Single 416;3045685;0.01
Single 417;3045685;0.01
Single 418;3045685;0.01
Single 419;3045685;0.01
Single 420;3045685;0.01
Single 421;3045685;0.01
Single 422;3045685;0.01
Single 423;3045685;0.01
Single 424;3045685;0.01
Single 425;3045685;0.01
Single 426;3045685;0.01
Single 427;3045685;0.01
Single 428;3045685;0.01
Single 429;3045685;0.01
Single 430;3045685;0.01
Single 431;3045685;0.01
Single 432;3045685;0.01
Single 433;3045685;0.01
Single 434;3045685;0.01
Single 435;3045685;0.01
Single 436;3045685;0.01
Single 437;3045685;0.01
Single 438;3045685;0.01
Single 439;3045685;0.01
Single 440;3045685;0.01
Single 441;3045685;0.01
Single 442;3045685;0.01
Single 443;3045685;0.01
Single 444;3045685;0.01
Single 445;3045685;0.01
Single 446;3045685;0.01
Single 447;3045685;0.01
Single 448;3045685;0.01
Single 449;3045685;0.01
Single 450;3045685;0.01
Single 451;3045685;0.01
Single 452;3045685;0.01
Single 453;3045685;0.01
Single 454;3045685;0.01
Single 455;3045685;0.01
Single 456;3045685;0.01
Single 457;3045685;0.01
Single 458;3045685;0.01
Single 459;3045685;0.01
Single 460;3045685;0.01
Single 461;3045685;0.01
Single 462;3045685;0.01
Single 463;3045685;0.01
Single 464;3045685;0.01
Single 465;3045685;0.01
Single 466;3045685;0.01
Single 467;3045685;0.01
Single 468;3045685;0.01
Single 469;3045685;0.01
Single 470;3045685;0.01
Single 471;3045685;0.01
Single 472;3045685;0.01
Single 473;3045685;0.01
Single 474;3045685;0.01
Single 475;3045685;0.01
Single 476;3045685;0.01
Single 477;3045685;0.01
Single 478;3045685;0.01
Single 479;3045685;0.01
Single 480;3045685;0.01
Single 481;3045685;0.01
Single 482;3045685;0.01
Single 483;3045685;0.01
Single 484;3045685;0.01
Single 485;3045685;0.01
Single 486;3045685;0.01
Single 487;3045685;0.01
Single 488;3045685;0.01
Single 489;3045685;0.01
Single 490;3045685;0.01
Single 491;3045685;0.01
Single 492;3045685;0.01
Single 493;3045685;0.01
Single 494;3045685;0.01
Single 495;3045685;0.01
Single 496;3045685;0.01
Single 497;3045685;0.01
Single 498;3045685;0.01
Single 499;3045685;0.01
Single 500;3045685;0.01
Single 501;3045685;0.01
Single 502;3045685;0.01
Single 503;3045685;0.01
Single 504;3045685;0.01
Single 505;3045685;0.01
Single 506;3045685;0.01
Single 507;3045685;0.01
Single 508;3045685;0.01
Single 509;3045685;0.01
Single 510;3045685;0.01
Single 511;3045685;0.01
Single 512;3045685;0.01
Single 513;3045685;0.01
Single 514;3045685;0.01
Single 515;3045685;0.01
Single 516;3045685;0.01
Single 517;3045685;0.01
Single 518;3045685;0.01
Single 519;3045685;0.01
Single 520;3045685;0.01
Single 521;3045685;0.01
Single 522;3045685;0.01
Single 523;3045685;0.01
Single 524;3045685;0.01
Single 525;3045685;0.01
Single 526;3045685;0.01
Single 527;3045685;0.01
Single 528;3045685;0.01
Single 529;3045685;0.01
Single 530;3045685;0.01
Single 531;3045685;0.01
Single 532;3045685;0.01
Single 533;3045685;0.01
Single 534;3045685;0.01
Single 535;3045685;0.01
Single 536;3045685;0.01
Single 537;3045685;0.01
Single 538;3045685;0.01
Single 539;3045685;0.01
Single 540;3045685;0.01
Single 541;3045685;0.01
Single 542;3045685;0.01
Single 543;3045685;0.01
Single 544;3045685;0.01
Single 545;3045685;0.01
Single 546;3045685;0.01
Single 547;3045685;0.01
Single 548;3045685;0.01
Single 549;3045685;0.01
Single 550;3045685;0.01
Single 551;3045685;0.01
Single 552;3045685;0.01
Single 553;3045685;0.01
Single 554;3045685;0.01
Single 555;3045685;0.01
Single 556;3045685;0.01
Single 557;3045685;0.01
Single 558;3045685;0.01
Single 559;3045685;0.01
Single 560;3045685;0.01
Single 561;3045685;0.01
Single 562;3045685;0.01
Single 563;3045685;0.01
Single 564;3045685;0.01
Single 565;3045685;0.01
Single 566;3045685;0.01
Single 567;3045685;0.01
Single 568;3045685;0.01
Single 569;3045685;0.01
Single 570;3045685;0.01
Single 571;3045685;0.01
Single 572;3045685;0.01
Single 573;3045685;0.01
Single 574;3045685;0.01
Single 575;3045685;0.01
Single 576;3045685;0.01
Single 577;3045685;0.01
Single 578;3045685;0.01
Single 579;3045685;0.01
Single 580;3045685;0.01
Single 581;3045685;0.01
Single 582;3045685;0.01
Single 583;3045685;0.01
Single 584;3045685;0.01
Single 585;3045685;0.01
Single 586;3045685;0.01
Single 587;3045685;0.01
Single 588;3045685;0.01
Single 589;3045685;0.01
Single 590;3045685;0.01
Single 591;3045685;0.01
Single 592;3045685;0.01
Single 593;3045685;0.01
Single 594;3045685;0.01
Single 595;3045685;0.01
Single 596;3045685;0.01
Single 597;3045685;0.01
Single 598;3045685;0.01
Single 599;3045685;0.01
Single 600;3045685;0.01
Single 601;3045685;0.01
Single 602;3045685;0.01
Single 603;3045685;0.01
Single 604;3045685;0.01
Single 605;3045685;0.01
Single 606;3045685;0.01
Single 607;3045685;0.01
Single 608;3045685;0.01
Single 609;3045685;0.01
Single 610;3045685;0.01
Single 611;3045685;0.01
Single 612;3045685;0.01
Single 613;3045685;0.01
Single 614;3045685;0.01
Single 615;3045685;0.01
Single 616;3045685;0.01
Single 617;3045685;0.01
Single 618;3045685;0.01
Single 619;3045685;0.01
Single 620;3045685;0.01
Single 621;3045685;0.01
Single 622;3045685;0.01
Single 623;3045685;0.01
Single 624;3045685;0.01
Single 625;3045685;0.01
Single 626;3045685;0.01
Single 627;3045685;0.01
Single 628;3045685;0.01
Single 629;3045685;0.01
Single 630;3045685;0.01
Single 631;3045685;0.01
Single 632;3045685;0.01
Single 633;3045685;0.01
Single 634;3045685;0.01
Single 635;3045685;0.01
Single 636;3045685;0.01
Single 637;3045685;0.01
Single 638;3045685;0.01
Single 639;3045685;0.01
Single 640;3045685;0.01
Single 641;3045685;0.01
Single 642;3045685;0.01
Single 643;3045685;0.01
Single 644;3045685;0.01
Single 645;3045685;0.01
Single 646;3045685;0.01
Single 647;3045685;0.01
Single 648;3045685;0.01
Single 649;3045685;0.01
Single 650;3045685;0.01
Single 651;3045685;0.01
Single 652;3045685;0.01
Single 653;3045685;0.01
Single 654;3045685;0.01
Single 655;3045685;0.01
Single 656;3045685;0.01
Single 657;3045685;0.01
Single 658;3045685;0.01
Single 659;3045685;0.01
Single 660;3045685;0.01
Single 661;3045685;0.01
Single 662;3045685;0.01
Single 663;3045685;0.01
Single 664;3045685;0.01
Single 665;3045685;0.01
Single 666;3045685;0.01
Single 667;3045685;0.01
Single 668;3045685;0.01
Single 669;3045685;0.01
Single 670;3045685;0.01
Single 671;3045685;0.01
Single 672;3045685;0.01
Single 673;3045685;0.01
Single 674;3045685;0.01
Single 675;3045685;0.01
Single 676;3045685;0.01
Single 677;3045685;0.01
Single 678;3045685;0.01
Single 679;3045685;0.01
Single 680;3045685;0.01
Single 681;3045685;0.01
Single 682;3045685;0.01
Single 683;3045685;0.01
Single 684;3045685;0.01
Single 685;3045685;0.01
Single 686;3045685;0.01
Single 687;3045685;0.01
Single 688;3045685;0.01
Single 689;3045685;0.01
Single 690;3045685;0.01
Single 691;3045685;0.01
Single 692;3045685;0.01
Single 693;3045685;0.01
Single 694;3045685;0.01
Single 695;3045685;0.01
Single 696;3045685;0.01
Single 697;3045685;0.01
Single 698;3045685;0.01
Single 699;3045685;0.01
Single 700;3045685;0.01
Single 701;3045685;0.01
Single 702;3045685;0.01
Single 703;3045685;0.01
Single 704;3045685;0.01
Single 705;3045685;0.01
Single 706;3045685;0.01
Single 707;3045685;0.01
Single 708;3045685;0.01
Single 709;3045685;0.01
Single 710;3045685;0.01
Single 711;3045685;0.01
Single 712;3045685;0.01
Single 713;3045685;0.01
Single 714;3045685;0.01
Single 715;3045685;0.01
Single 716;3045685;0.01
Single 717;3045685;0.01
Single 718;3045685;0.01
Single 719;3045685;0.01
Single 720;3045685;0.01
Single 721;3045685;0.01
Single 722;3045685;0.01
Single 723;3045685;0.01
Single 724;3045685;0.01
Single 725;3045685;0.01
Single 726;3045685;0.01
Single 727;3045685;0.01
Single 728;3045685;0.01
Single 729;3045685;0.01
Single 730;3045685;0.01
Single 731;3045685;0.01
Single 732;3045685;0.01
Single 733;3045685;0.01
Single 734;3045685;0.01
Single 735;3045685;0.01
Single 736;3045685;0.01
Single 737;3045685;0.01
Single 738;3045685;0.01
Single 739;3045685;0.01
Single 740;3045685;0.01
Single 741;3045685;0.01
Single 742;3045685;0.01
Single 743;3045685;0.01
Single 744;3045685;0.01
Single 745;3045685;0.01
Single 746;3045685;0.01
Single 747;3045685;0.01
Single 748;3045685;0.01
Single 749;3045685;0.01
Single 750;3045685;0.01
Single 751;3045685;0.01
Single 752;3045685;0.01
Single 753;3045685;0.01
Single 754;3045685;0.01
Single 755;3045685;0.01
Single 756;3045685;0.01
Single 757;3045685;0.01
Single 758;3045685;0.01
Single 759;3045685;0.01
Single 760;3045685;0.01
Single 761;3045685;0.01
Single 762;3045685;0.01
Single 763;3045685;0.01
Single 764;3045685;0.01
Single 765;3045685;0.01
Single 766;3045685;0.01
Single 767;3045685;0.01
Single 768;3045685;0.01
Single 769;3045685;0.01
Single 770;3045685;0.01
Single 771;3045685;0.01
Single 772;3045685;0.01
Single 773;3045685;0.01
Single 774;3045685;0.01
Single 775;3045685;0.01
Single 776;3045685;0.01
Single 777;3045685;0.01
Single 778;3045685;0.01
Single 779;3045685;0.01
Single 780;3045685;0.01
Single 781;3045685;0.01
Single 782;3045685;0.01
Single 783;3045685;0.01
Single 784;3045685;0.01
Single 785;3045685;0.01
Single 786;3045685;0.01
Single 787;3045685;0.01
Single 788;3045685;0.01
Single 789;3045685;0.01
Single 790;3045685;0.01
Single 791;3045685;0.01
Single 792;3045685;0.01
Single 793;3045685;0.01
Single 794;3045685;0.01
Single 795;3045685;0.01
Single 796;3045685;0.01
Single 797;3045685;0.01
Single 798;3045685;0.01
Single 799;3045685;0.01
Single 800;3045685;0.01
Single 801;3045685;0.01
Single 802;3045685;0.01
Single 803;3045685;0.01
Single 804;3045685;0.01
Single 805;3045685;0.01
Single 806;3045685;0.01
Single 807;3045685;0.01
Single 808;3045685;0.01
Single 809;3045685;0.01
Single 810;3045685;0.01
Single 811;3045685;0.01
Single 812;3045685;0.01
Single 813;3045685;0.01
Single 814;3045685;0.01
Single 815;3045685;0.01
Single 816;3045685;0.01
Single 817;3045685;0.01
Single 818;3045685;0.01
Single 819;3045685;0.01
Single 820;3045685;0.01
Single 821;3045685;0.01
Single 822;3045685;0.01
Single 823;3045685;0.01
Single 824;3045685;0.01
Single 825;3045685;0.01
Single 826;3045685;0.01
Single 827;3045685;0.01
Single 828;3045685;0.01
Single 829;3045685;0.01
Single 830;3045685;0.01
Single 831;3045685;0.01
Single 832;3045685;0.01
Single 833;3045685;0.01
Single 834;3045685;0.01
Single 835;3045685;0.01
Single 836;3045685;0.01
Single 837;3045685;0.01
Single 838;3045685;0.01
Single 839;3045685;0.01
Single 840;3045685;0.01
Single 841;3045685;0.01
Single 842;3045685;0.01
Single 843;3045685;0.01
Single 844;3045685;0.01
Single 845;3045685;0.01
Single 846;3045685;0.01
Single 847;3045685;0.01
Single 848;3045685;0.01
Single 849;3045685;0.01
Single 850;3045685;0.01
Single 851;3045685;0.01
Single 852;3045685;0.01
Single 853;3045685;0.01
Single 854;3045685;0.01
Single 855;3045685;0.01
Single 856;3045685;0.01
Single 857;3045685;0.01
Single 858;3045685;0.01
Single 859;3045685;0.01
Single 860;3045685;0.01
Single 861;3045685;0.01
Single 862;3045685;0.01
Single 863;3045685;0.01
Single 864;3045685;0.01
Single 865;3045685;0.01
Single 866;3045685;0.01
Single 867;3045685;0.01
Single 868;3045685;0.01
Single 869;3045685;0.01
Single 870;3045685;0.01
Single 871;3045685;0.01
Single 872;3045685;0.01
Single 873;3045685;0.01
Single 874;3045685;0.01
Single 875;3045685;0.01
Single 876;3045685;0.01
Single 877;3045685;0.01
Single 878;3045685;0.01
Single 879;3045685;0.01
Single 880;3045685;0.01
Single 881;3045685;0.01
Single 882;3045685;0.01
Single 883;3045685;0.01
Single 884;3045685;0.01
Single 885;3045685;0.01
Single 886;3045685;0.01
Single 887;3045685;0.01
Single 888;3045685;0.01
Single 889;3045685;0.01
Single 890;3045685;0.01
Single 891;3045685;0.01
Single 892;3045685;0.01
Single 893;3045685;0.01
Single 894;3045685;0.01
Single 895;3045685;0.01
Single 896;3045685;0.01
Single 897;3045685;0.01
Single 898;3045685;0.01
Single 899;3045685;0.01
Single 900;3045685;0.01
Single 901;3045685;0.01
Single 902;3045685;0.01
Single 903;3045685;0.01
Single 904;3045685;0.01
Single 905;3045685;0.01
Single 906;3045685;0.01
Single 907;3045685;0.01
Single 908;3045685;0.01
Single 909;3045685;0.01
Single 910;3045685;0.01
Single 911;3045685;0.01
Single 912;3045685;0.01
Single 913;3045685;0.01
Single 914;3045685;0.01
Single 915;3045685;0.01
Single 916;3045685;0.01
Single 917;3045685;0.01
Single 918;3045685;0.01
Single 919;3045685;0.01
Single 920;3045685;0.01
Single 921;3045685;0.01
Single 922;3045685;0.01
Single 923;3045685;0.01
Single 924;3045685;0.01
Single 925;3045685;0.01
Single 926;3045685;0.01
Single 927;3045685;0.01
Single 928;3045685;0.01
Single 929;3045685;0.01
Single 930;3045685;0.01
Single 931;3045685;0.01
Single 932;3045685;0.01
Single 933;3045685;0.01
Single 934;3045685;0.01
Single 935;3045685;0.01
Single 936;3045685;0.01
Single 937;3045685;0.01
Single 938;3045685;0.01
Single 939;3045685;0.01
Single 940;3045685;0.01
Single 941;3045685;0.01
Single 942;3045685;0.01
Single 943;3045685;0.01
Single 944;3045685;0.01
Single 945;3045685;0.01
Single 946;3045685;0.01
Single 947;3045685;0.01
Single 948;3045685;0.01
Single 949;3045685;0.01
Single 950;3045685;0.01
Single 951;3045685;0.01
Single 952;3045685;0.01
Single 953;3045685;0.01
Single 954;3045685;0.01
Single 955;3045685;0.01
Single 956;3045685;0.01
Single 957;3045685;0.01
Single 958;3045685;0.01
Single 959;3045685;0.01
Single 960;3045685;0.01
Single 961;3045685;0.01
Single 962;3045685;0.01
Single 963;3045685;0.01
Single 964;3045685;0.01
Single 965;3045685;0.01
Single 966;3045685;0.01
Single 967;3045685;0.01
Single 968;3045685;0.01
Single 969;3045685;0.01
Single 970;3045685;0.01
Single 971;3045685;0.01
Single 972;3045685;0.01
Single 973;3045685;0.01
Single 974;3045685;0.01
Single 975;3045685;0.01
Single 976;3045685;0.01
Single 977;3045685;0.01
Single 978;3045685;0.01
Single 979;3045685;0.01
Single 980;3045685;0.01
Single 981;3045685;0.01
Single 982;3045685;0.01
Single 983;3045685;0.01
Single 984;3045685;0.01
Single 985;3045685;0.01
Single 986;3045685;0.01
Single 987;3045685;0.01
Single 988;3045685;0.01
Single 989;3045685;0.01
Single 990;3045685;0.01
Single 991;3045685;0.01
Single 992;3045685;0.01
Single 993;3045685;0.01
Single 994;3045685;0.01
Single 995;3045685;0.01
Single 996;3045685;0.01
Single 997;3045685;0.01
Single 998;3045685;0.01
Single 999;3045685;0.01
Single 1000;3045685;0.01
Single 1001;3045685;0.01
Single 1002;3045685;0.01
Single 1003;3045685;0.01
Single 1004;3045685;0.01
Single 1005;3045685;0.01
Single 1006;3045685;0.01
Single 1007;3045685;0.01
Single 1008;3045685;0.01
Single 1009;3045685;0.01
Single 1010;3045685;0.01
Single 1011;3045685;0.01
Single 1012;3045685;0.01
Single 1013;3045685;0.01
Single 1014;3045685;0.01
Single 1015;3045685;0.01
Single 1016;3045685;0.01
Single 1017;3045685;0.01
Single 1018;3045685;0.01
Single 1019;3045685;0.01
Single 1020;3045685;0.01
Single 1021;3045685;0.01
Single 1022;3045685;0.01
Single 1023;3045685;0.01
Single 1024;3045685;0.01
Single 1025;3045685;0.01
Single 1026;3045685;0.01
Single 1027;3045685;0.01
Single 1028;3045685;0.01
Single 1029;3045685;0.01
Single 1030;3045685;0.01
Single 1031;3045685;0.01
Single 1032;3045685;0.01
Single 1033;3045685;0.01
Single 1034;3045685;0.01
Single 1035;3045685;0.01
Single 1036;3045685;0.01
Single 1037;3045685;0.01
Single 1038;3045685;0.01
Single 1039;3045685;0.01
Single 1040;3045685;0.01
Single 1041;3045685;0.01
Single 1042;3045685;0.01
Single 1043;3045685;0.01
Single 1044;3045685;0.01
Single 1045;3045685;0.01
Single 1046;3045685;0.01
Single 1047;3045685;0.01
Single 1048;3045685;0.01
Single 1049;3045685;0.01
Single 1050;3045685;0.01
Single 1051;3045685;0.01
Single 1052;3045685;0.01
Single 1053;3045685;0.01
Single 1054;3045685;0.01
Single 1055;3045685;0.01
Single 1056;3045685;0.01
Single 1057;3045685;0.01
Single 1058;3045685;0.01
Single 1059;3045685;0.01
Single 1060;3045685;0.01
Single 1061;3045685;0.01
Single 1062;3045685;0.01
Single 1063;3045685;0.01
Single 1064;3045685;0.01
Single 1065;3045685;0.01
Single 1066;3045685;0.01
Single 1067;3045685;0.01
Single 1068;3045685;0.01
Single 1069;3045685;0.01
Single 1070;3045685;0.01
Single 1071;3045685;0.01
Single 1072;3045685;0.01
Single 1073;3045685;0.01
Single 1074;3045685;0.01
Single 1075;3045685;0.01
Single 1076;3045685;0.01
Single 1077;3045685;0.01
Single 1078;3045685;0.01
Single 1079;3045685;0.01
Single 1080;3045685;0.01
Single 1081;3045685;0.01
Single 1082;3045685;0.01
Single 1083;3045685;0.01
Single 1084;3045685;0.01
Single 1085;3045685;0.01
Single 1086;3045685;0.01
Single 1087;3045685;0.01
Single 1088;3045685;0.01
Single 1089;3045685;0.01
Single 1090;3045685;0.01
Single 1091;3045685;0.01
Single 1092;3045685;0.01
Single 1093;3045685;0.01
Single 1094;3045685;0.01
Single 1095;3045685;0.01
Single 1096;3045685;0.01
Single 1097;3045685;0.01
Single 1098;3045685;0.01
Single 1099;3045685;0.01
Single 1100;3045685;0.01
Single 1101;3045685;0.01
Single 1102;3045685;0.01
Single 1103;3045685;0.01
Single 1104;3045685;0.01
Single 1105;3045685;0.01
Single 1106;3045685;0.01
Single 1107;3045685;0.01
Single 1108;3045685;0.01
Single 1109;3045685;0.01
Single 1110;3045685;0.01
Single 1111;3045685;0.01
Single 1112;3045685;0.01
Single 1113;3045685;0.01
Single 1114;3045685;0.01
Single 1115;3045685;0.01
Single 1116;3045685;0.01
Single 1117;3045685;0.01
Single 1118;3045685;0.01
Single 1119;3045685;0.01
Single 1120;3045685;0.01
Single 1121;3045685;0.01
Single 1122;3045685;0.01
Single 1123;3045685;0.01
Single 1124;3045685;0.01
Single 1125;3045685;0.01
Single 1126;3045685;0.01
Single 1127;3045685;0.01
Single 1128;3045685;0.01
Single 1129;3045685;0.01
Single 1130;3045685;0.01
Single 1131;3045685;0.01
Single 1132;3045685;0.01
Single 1133;3045685;0.01
Single 1134;3045685;0.01
Single 1135;3045685;0.01
Single 1136;3045685;0.01
Single 1137;3045685;0.01
Single 1138;3045685;0.01
Single 1139;3045685;0.01
Single 1140;3045685;0.01
Single 1141;3045685;0.01
Single 1142;3045685;0.01
Single 1143;3045685;0.01
Single 1144;3045685;0.01
Single 1145;3045685;0.01
Single 1146;3045685;0.01
Single 1147;3045685;0.01
Single 1148;3045685;0.01
Single 1149;3045685;0.01
Single 1150;3045685;0.01
Single 1151;3045685;0.01
Single 1152;3045685;0.01
Single 1153;3045685;0.01
Single 1154;3045685;0.01
Single 1155;3045685;0.01
Single 1156;3045685;0.01
Single 1157;3045685;0.01
Single 1158;3045685;0.01
Single 1159;3045685;0.01
Single 1160;3045685;0.01
Single 1161;3045685;0.01
Single 1162;3045685;0.01
Single 1163;3045685;0.01
Single 1164;3045685;0.01
Single 1165;3045685;0.01
Single 1166;3045685;0.01
Single 1167;3045685;0.01
Single 1168;3045685;0.01
Single 1169;3045685;0.01
Single 1170;3045685;0.01
Single 1171;3045685;0.01
Single 1172;3045685;0.01
Single 1173;3045685;0.01
Single 1174;3045685;0.01
Single 1175;3045685;0.01
Single 1176;3045685;0.01
Single 1177;3045685;0.01
Single 1178;3045685;0.01
Single 1179;3045685;0.01
Single 1180;3045685;0.01
Single 1181;3045685;0.01
Single 1182;3045685;0.01
Single 1183;3045685;0.01
Single 1184;3045685;0.01
Single 1185;3045685;0.01
Single 1186;3045685;0.01
Single 1187;3045685;0.01
Single 1188;3045685;0.01
Single 1189;3045685;0.01
Single 1190;3045685;0.01
Single 1191;3045685;0.01
Single 1192;3045685;0.01
Single 1193;3045685;0.01
Single 1194;3045685;0.01
Single 1195;3045685;0.01
Single 1196;3045685;0.01
Single 1197;3045685;0.01
Single 1198;3045685;0.01
Single 1199;3045685;0.01
Single 1200;3045685;0.01
Single 1201;3045685;0.01
Single 1202;3045685;0.01
Single 1203;3045685;0.01
Single 1204;3045685;0.01
Single 1205;3045685;0.01
Single 1206;3045685;0.01
Single 1207;3045685;0.01
Single 1208;3045685;0.01
Single 1209;3045685;0.01
Single 1210;3045685;0.01
Single 1211;3045685;0.01
Single 1212;3045685;0.01
Single 1213;3045685;0.01
Single 1214;3045685;0.01
Single 1215;3045685;0.01
Single 1216;3045685;0.01
Single 1217;3045685;0.01
Single 1218;3045685;0.01
Single 1219;3045685;0.01
Single 1220;3045685;0.01
Single 1221;3045685;0.01
Single 1222;3045685;0.01
Single 1223;3045685;0.01
Single 1224;3045685;0.01
Single 1225;3045685;0.01
Single 1226;3045685;0.01
Single 1227;3045685;0.01
Single 1228;3045685;0.01
Single 1229;3045685;0.01
Single 1230;3045685;0.01
Single 1231;3045685;0.01
Single 1232;3045685;0.01
Single 1233;3045685;0.01
Single 1234;3045685;0.01
Single 1235;3045685;0.01
Single 1236;3045685;0.01
Single 1237;3045685;0.01
Single 1238;3045685;0.01
Single 1239;3045685;0.01
Single 1240;3045685;0.01
Single 1241;3045685;0.01
Single 1242;3045685;0.01
Single 1243;3045685;0.01
Single 1244;3045685;0.01
Single 1245;3045685;0.01
Single 1246;3045685;0.01
Single 1247;3045685;0.01
Single 1248;3045685;0.01
Single 1249;3045685;0.01
Single 1250;3045685;0.01
Single 1251;3045685;0.01
Single 1252;3045685;0.01
Single 1253;3045685;0.01
Single 1254;3045685;0.01
Single 1255;3045685;0.01
Single 1256;3045685;0.01
Single 1257;3045685;0.01
Single 1258;3045685;0.01
Single 1259;3045685;0.01
Single 1260;3045685;0.01
Single 1261;3045685;0.01
Single 1262;3045685;0.01
Single 1263;3045685;0.01
Single 1264;3045685;0.01
Single 1265;3045685;0.01
Single 1266;3045685;0.01
Single 1267;3045685;0.01
Single 1268;3045685;0.01
Single 1269;3045685;0.01
Single 1270;3045685;0.01
Single 1271;3045685;0.01
Single 1272;3045685;0.01
Single 1273;3045685;0.01
Single 1274;3045685;0.01
Single 1275;3045685;0.01
Single 1276;3045685;0.01
Single 1277;3045685;0.01
Single 1278;3045685;0.01
Single 1279;3045685;0.01
Single 1280;3045685;0.01
Single 1281;3045685;0.01
Single 1282;3045685;0.01
Single 1283;3045685;0.01
Single 1284;3045685;0.01
Single 1285;3045685;0.01
Single 1286;3045685;0.01
Single 1287;3045685;0.01
Single 1288;3045685;0.01
Single 1289;3045685;0.01
Single 1290;3045685;0.01
Single 1291;3045685;0.01
Single 1292;3045685;0.01
Single 1293;3045685;0.01
Single 1294;3045685;0.01
Single 1295;3045685;0.01
Single 1296;3045685;0.01
Single 1297;3045685;0.01
Single 1298;3045685;0.01
Single 1299;3045685;0.01
Single 1300;3045685;0.01
Single 1301;3045685;0.01
Single 1302;3045685;0.01
Single 1303;3045685;0.01
Single 1304;3045685;0.01
Single 1305;3045685;0.01
Single 1306;3045685;0.01
Single 1307;3045685;0.01
Single 1308;3045685;0.01
Single 1309;3045685;0.01
Single 1310;3045685;0.01
Single 1311;3045685;0.01
Single 1312;3045685;0.01
Single 1313;3045685;0.01
Single 1314;3045685;0.01
Single 1315;3045685;0.01
Single 1316;3045685;0.01
Single 1317;3045685;0.01
Single 1318;3045685;0.01
Single 1319;3045685;0.01
Single 1320;3045685;0.01
Single 1321;3045685;0.01
Single 1322;3045685;0.01
Single 1323;3045685;0.01
Single 1324;3045685;0.01
Single 1325;3045685;0.01
Single 1326;3045685;0.01
Single 1327;3045685;0.01
Single 1328;3045685;0.01
Single 1329;3045685;0.01
Single 1330;3045685;0.01
Single 1331;3045685;0.01
Single 1332;3045685;0.01
Single 1333;3045685;0.01
Single 1334;3045685;0.01
Single 1335;3045685;0.01
Single 1336;3045685;0.01
Single 1337;3045685;0.01
Single 1338;3045685;0.01
Single 1339;3045685;0.01
Single 1340;3045685;0.01
Single 1341;3045685;0.01
Single 1342;3045685;0.01
Single 1343;3045685;0.01
Single 1344;3045685;0.01
Single 1345;3045685;0.01
Single 1346;3045685;0.01
Single 1347;3045685;0.01
Single 1348;3045685;0.01
Single 1349;3045685;0.01
Single 1350;3045685;0.01
Single 1351;3045685;0.01
Single 1352;3045685;0.01
Single 1353;3045685;0.01
Single 1354;3045685;0.01
Single 1355;3045685;0.01
Single 1356;3045685;0.01
Single 1357;3045685;0.01
Single 1358;3045685;0.01
Single 1359;3045685;0.01
Single 1360;3045685;0.01
Single 1361;3045685;0.01
Single 1362;3045685;0.01
Single 1363;3045685;0.01
Single 1364;3045685;0.01
Single 1365;3045685;0.01
Single 1366;3045685;0.01
Single 1367;3045685;0.01
Single 1368;3045685;0.01
Single 1369;3045685;0.01
Single 1370;3045685;0.01
Single 1371;3045685;0.01
Single 1372;3045685;0.01
Single 1373;3045685;0.01
Single 1374;3045685;0.01
Single 1375;3045685;0.01
Single 1376;3045685;0.01
Single 1377;3045685;0.01
Single 1378;3045685;0.01
Single 1379;3045685;0.01
Single 1380;3045685;0.01
Single 1381;3045685;0.01
Single 1382;3045685;0.01
Single 1383;3045685;0.01
Single 1384;3045685;0.01
Single 1385;3045685;0.01
Single 1386;3045685;0.01
Single 1387;3045685;0.01
Single 1388;3045685;0.01
Single 1389;3045685;0.01
Single 1390;3045685;0.01
Single 1391;3045685;0.01
Single 1392;3045685;0.01
Single 1393;3045685;0.01
Single 1394;3045685;0.01
Single 1395;3045685;0.01
Single 1396;3045685;0.01
Single 1397;3045685;0.01
Single 1398;3045685;0.01
Single 1399;3045685;0.01
Single 1400;3045685;0.01
Single 1401;3045685;0.01
Single 1402;3045685;0.01
Single 1403;3045685;0.01
Single 1404;3045685;0.01
Single 1405;3045685;0.01
Single 1406;3045685;0.01
Single 1407;3045685;0.01
Single 1408;3045685;0.01
Single 1409;3045685;0.01
Single 1410;3045685;0.01
Single 1411;3045685;0.01
Single 1412;3045685;0.01
Single 1413;3045685;0.01
Single 1414;3045685;0.01
Single 1415;3045685;0.01
Single 1416;3045685;0.01
Single 1417;3045685;0.01
Single 1418;3045685;0.01
Single 1419;3045685;0.01
Single 1420;3045685;0.01
Single 1421;3045685;0.01
Single 1422;3045685;0.01
Single 1423;3045685;0.01
Single 1424;3045685;0.01
Single 1425;3045685;0.01
Single 1426;3045685;0.01
Single 1427;3045685;0.01
Single 1428;3045685;0.01
Single 1429;3045685;0.01
Single 1430;3045685;0.01
Single 1431;3045685;0.01
Single 1432;3045685;0.01
Single 1433;3045685;0.01
Single 1434;3045685;0.01
Single 1435;3045685;0.01
Single 1436;3045685;0.01
Single 1437;3045685;0.01
Single 1438;3045685;0.01
Single 1439;3045685;0.01
Single 1440;3045685;0.01
Single 1441;3045685;0.01
Single 1442;3045685;0.01
Single 1443;3045685;0.01
Single 1444;3045685;0.01
Single 1445;3045685;0.01
Single 1446;3045685;0.01
Single 1447;3045685;0.01
Single 1448;3045685;0.01
Single 1449;3045685;0.01
Single 1450;3045685;0.01
Single 1451;3045685;0.01
Single 1452;3045685;0.01
Single 1453;3045685;0.01
Single 1454;3045685;0.01
Single 1455;3045685;0.01
Single 1456;3045685;0.01
Single 1457;3045685;0.01
Single 1458;3045685;0.01
Single 1459;3045685;0.01
Single 1460;3045685;0.01
Single 1461;3045685;0.01
Single 1462;3045685;0.01
Single 1463;3045685;0.01
Single 1464;3045685;0.01
Single 1465;3045685;0.01
Single 1466;3045685;0.01
Single 1467;3045685;0.01
Single 1468;3045685;0.01
Single 1469;3045685;0.01
Single 1470;3045685;0.01
Single 1471;3045685;0.01
Single 1472;3045685;0.01
Single 1473;3045685;0.01
Single 1474;3045685;0.01
Single 1475;3045685;0.01
Single 1476;3045685;0.01
Single 1477;3045685;0.01
Single 1478;3045685;0.01
Single 1479;3045685;0.01
Single 1480;3045685;0.01
Single 1481;3045685;0.01
Single 1482;3045685;0.01
Single 1483;3045685;0.01
Single 1484;3045685;0.01
Single 1485;3045685;0.01
Single 1486;3045685;0.01
Single 1487;3045685;0.01
Single 1488;3045685;0.01
Single 1489;3045685;0.01
Single 1490;3045685;0.01
Single 1491;3045685;0.01
Single 1492;3045685;0.01
Single 1493;3045685;0.01
Single 1494;3045685;0.01
Single 1495;3045685;0.01
Single 1496;3045685;0.01
Single 1497;3045685;0.01
Single 1498;3045685;0.01
Single 1499;3045685;0.01
Single 1500;3045685;0.01
Single 1501;3045685;0.01
Single 1502;3045685;0.01
Single 1503;3045685;0.01
Single 1504;3045685;0.01
Single 1505;3045685;0.01
Single 1506;3045685;0.01
Single 1507;3045685;0.01
Single 1508;3045685;0.01
Single 1509;3045685;0.01
Single 1510;3045685;0.01
Single 1511;3045685;0.01
Single 1512;3045685;0.01
Single 1513;3045685;0.01
Single 1514;3045685;0.01
Single 1515;3045685;0.01
Single 1516;3045685;0.01
Single 1517;3045685;0.01
Single 1518;3045685;0.01
Single 1519;3045685;0.01
Single 1520;3045685;0.01
Single 1521;3045685;0.01
Single 1522;3045685;0.01
Single 1523;3045685;0.01
Single 1524;3045685;0.01
Single 1525;3045685;0.01
Single 1526;3045685;0.01
Single 1527;3045685;0.01
Single 1528;3045685;0.01
Single 1529;3045685;0.01
Single 1530;3045685;0.01
Single 1531;3045685;0.01
Single 1532;3045685;0.01
Single 1533;3045685;0.01
Single 1534;3045685;0.01
Single 1535;3045685;0.01
Single 1536;3045685;0.01
Single 1537;3045685;0.01
Single 1538;3045685;0.01
Single 1539;3045685;0.01
Single 1540;3045685;0.01
Single 1541;3045685;0.01
Single 1542;3045685;0.01
Single 1543;3045685;0.01
Single 1544;3045685;0.01
Single 1545;3045685;0.01
Single 1546;3045685;0.01
Single 1547;3045685;0.01
Single 1548;3045685;0.01
Single 1549;3045685;0.01
Single 1550;3045685;0.01
Single 1551;3045685;0.01
Single 1552;3045685;0.01
Single 1553;3045685;0.01
Single 1554;3045685;0.01
Single 1555;3045685;0.01
Single 1556;3045685;0.01
Single 1557;3045685;0.01
Single 1558;3045685;0.01
Single 1559;3045685;0.01
Single 1560;3045685;0.01
Single 1561;3045685;0.01
Single 1562;3045685;0.01
Single 1563;3045685;0.01
Single 1564;3045685;0.01
Single 1565;3045685;0.01
Single 1566;3045685;0.01
Single 1567;3045685;0.01
Single 1568;3045685;0.01
Single 1569;3045685;0.01
Single 1570;3045685;0.01
Single 1571;3045685;0.01
Single 1572;3045685;0.01
Single 1573;3045685;0.01
Single 1574;3045685;0.01
Single 1575;3045685;0.01
Single 1576;3045685;0.01
Single 1577;3045685;0.01
Single 1578;3045685;0.01
Single 1579;3045685;0.01
Single 1580;3045685;0.01
Single 1581;3045685;0.01
Single 1582;3045685;0.01
Single 1583;3045685;0.01
Single 1584;3045685;0.01
Single 1585;3045685;0.01
Single 1586;3045685;0.01
Single 1587;3045685;0.01
Single 1588;3045685;0.01
Single 1589;3045685;0.01
Single 1590;3045685;0.01
Single 1591;3045685;0.01
Single 1592;3045685;0.01
Single 1593;3045685;0.01
Single 1594;3045685;0.01
Single 1595;3045685;0.01
Single 1596;3045685;0.01
Single 1597;3045685;0.01
Single 1598;3045685;0.01
Single 1599;3045685;0.01
Single 1600;3045685;0.01
Single 1601;3045685;0.01
Single 1602;3045685;0.01
Single 1603;3045685;0.01
Single 1604;3045685;0.01
Single 1605;3045685;0.01
Single 1606;3045685;0.01
Single 1607;3045685;0.01
Single 1608;3045685;0.01
Single 1609;3045685;0.01
Single 1610;3045685;0.01
Single 1611;3045685;0.01
Single 1612;3045685;0.01
Single 1613;3045685;0.01
Single 1614;3045685;0.01
Single 1615;3045685;0.01
Single 1616;3045685;0.01
Single 1617;3045685;0.01
Single 1618;3045685;0.01
Single 1619;3045685;0.01
Single 1620;3045685;0.01
Single 1621;3045685;0.01
Single 1622;3045685;0.01
Single 1623;3045685;0.01
Single 1624;3045685;0.01
Single 1625;3045685;0.01
Single 1626;3045685;0.01
Single 1627;3045685;0.01
Single 1628;3045685;0.01
Single 1629;3045685;0.01
Single 1630;3045685;0.01
Single 1631;3045685;0.01
Single 1632;3045685;0.01
Single 1633;3045685;0.01
Single 1634;3045685;0.01
Single 1635;3045685;0.01
Single 1636;3045685;0.01
Single 1637;3045685;0.01
Single 1638;3045685;0.01
Single 1639;3045685;0.01
Single 1640;3045685;0.01
Single 1641;3045685;0.01
Single 1642;3045685;0.01
Single 1643;3045685;0.01
Single 1644;3045685;0.01
Single 1645;3045685;0.01
Single 1646;3045685;0.01
Single 1647;3045685;0.01
Single 1648;3045685;0.01
Single 1649;3045685;0.01
Single 1650;3045685;0.01
Single 1651;3045685;0.01
Single 1652;3045685;0.01
Single 1653;3045685;0.01
Single 1654;3045685;0.01
Single 1655;3045685;0.01
Single 1656;3045685;0.01
Single 1657;3045685;0.01
Single 1658;3045685;0.01
Single 1659;3045685;0.01
Single 1660;3045685;0.01
Single 1661;3045685;0.01
Single 1662;3045685;0.01
Single 1663;3045685;0.01
Single 1664;3045685;0.01
Single 1665;3045685;0.01
Single 1666;3045685;0.01
Single 1667;3045685;0.01
Single 1668;3045685;0.01
Single 1669;3045685;0.01
Single 1670;3045685;0.01
Single 1671;3045685;0.01
Single 1672;3045685;0.01
Single 1673;3045685;0.01
Single 1674;3045685;0.01
Single 1675;3045685;0.01
Single 1676;3045685;0.01
Single 1677;3045685;0.01
Single 1678;3045685;0.01
Single 1679;3045685;0.01
Single 1680;3045685;0.01
Single 1681;3045685;0.01
Single 1682;3045685;0.01
Single 1683;3045685;0.01
Single 1684;3045685;0.01
Single 1685;3045685;0.01
Single 1686;3045685;0.01
Single 1687;3045685;0.01
Single 1688;3045685;0.01
Single 1689;3045685;0.01
Single 1690;3045685;0.01
Single 1691;3045685;0.01
Single 1692;3045685;0.01
Single 1693;3045685;0.01
Single 1694;3045685;0.01
Single 1695;3045685;0.01
Single 1696;3045685;0.01
Single 1697;3045685;0.01
Single 1698;3045685;0.01
Single 1699;3045685;0.01
Single 1700;3045685;0.01
Single 1701;3045685;0.01
Single 1702;3045685;0.01
Single 1703;3045685;0.01
Single 1704;3045685;0.01
Single 1705;3045685;0.01
Single 1706;3045685;0.01
Single 1707;3045685;0.01
Single 1708;3045685;0.01
Single 1709;3045685;0.01
Single 1710;3045685;0.01
Single 1711;3045685;0.01
Single 1712;3045685;0.01
Single 1713;3045685;0.01
Single 1714;3045685;0.01
Single 1715;3045685;0.01
Single 1716;3045685;0.01
Single 1717;3045685;0.01
Single 1718;3045685;0.01
Single 1719;3045685;0.01
Single 1720;3045685;0.01
Single 1721;3045685;0.01
Single 1722;3045685;0.01
Single 1723;3045685;0.01
Single 1724;3045685;0.01
Single 1725;3045685;0.01
Single 1726;3045685;0.01
Single 1727;3045685;0.01
Single 1728;3045685;0.01
Single 1729;3045685;0.01
Single 1730;3045685;0.01
Single 1731;3045685;0.01
Single 1732;3045685;0.01
Single 1733;3045685;0.01
Single 1734;3045685;0.01
Single 1735;3045685;0.01
Single 1736;3045685;0.01
Single 1737;3045685;0.01
Single 1738;3045685;0.01
Single 1739;3045685;0.01
Single 1740;3045685;0.01
Single 1741;3045685;0.01
Single 1742;3045685;0.01
Single 1743;3045685;0.01
Single 1744;3045685;0.01
Single 1745;3045685;0.01
Single 1746;3045685;0.01
Single 1747;3045685;0.01
Single 1748;3045685;0.01
Single 1749;3045685;0.01
Single 1750;3045685;0.01
Single 1751;3045685;0.01
Single 1752;3045685;0.01
Single 1753;3045685;0.01
Single 1754;3045685;0.01
Single 1755;3045685;0.01
Single 1756;3045685;0.01
Single 1757;3045685;0.01
Single 1758;3045685;0.01
Single 1759;3045685;0.01
Single 1760;3045685;0.01
Single 1761;3045685;0.01
Single 1762;3045685;0.01
Single 1763;3045685;0.01
Single 1764;3045685;0.01
Single 1765;3045685;0.01
Single 1766;3045685;0.01
Single 1767;3045685;0.01
Single 1768;3045685;0.01
Single 1769;3045685;0.01
Single 1770;3045685;0.01
Single 1771;3045685;0.01
Single 1772;3045685;0.01
Single 1773;3045685;0.01
Single 1774;3045685;0.01
Single 1775;3045685;0.01
Single 1776;3045685;0.01
Single 1777;3045685;0.01
Single 1778;3045685;0.01
Single 1779;3045685;0.01
Single 1780;3045685;0.01
Single 1781;3045685;0.01
Single 1782;3045685;0.01
Single 1783;3045685;0.01
Single 1784;3045685;0.01
Single 1785;3045685;0.01
Single 1786;3045685;0.01
Single 1787;3045685;0.01
Single 1788;3045685;0.01
Single 1789;3045685;0.01
Single 1790;3045685;0.01
Single 1791;3045685;0.01
Single 1792;3045685;0.01
Single 1793;3045685;0.01
Single 1794;3045685;0.01
Single 1795;3045685;0.01
Single 1796;3045685;0.01
Single 1797;3045685;0.01
Single 1798;3045685;0.01
Single 1799;3045685;0.01
Single 1800;3045685;0.01
Single 1801;3045685;0.01
Single 1802;3045685;0.01
Single 1803;3045685;0.01
Single 1804;3045685;0.01
Single 1805;3045685;0.01
Single 1806;3045685;0.01
Single 1807;3045685;0.01
Single 1808;3045685;0.01
Single 1809;3045685;0.01
Single 1810;3045685;0.01
Single 1811;3045685;0.01
Single 1812;3045685;0.01
Single 1813;3045685;0.01
Single 1814;3045685;0.01
Single 1815;3045685;0.01
Single 1816;3045685;0.01
Single 1817;3045685;0.01
Single 1818;3045685;0.01
Single 1819;3045685;0.01
Single 1820;3045685;0.01
Single 1821;3045685;0.01
Single 1822;3045685;0.01
Single 1823;3045685;0.01
Single 1824;3045685;0.01
Single 1825;3045685;0.01
Single 1826;3045685;0.01
Single 1827;3045685;0.01
Single 1828;3045685;0.01
Single 1829;3045685;0.01
Single 1830;3045685;0.01
Single 1831;3045685;0.01
Single 1832;3045685;0.01
Single 1833;3045685;0.01
Single 1834;3045685;0.01
Single 1835;3045685;0.01
Single 1836;3045685;0.01
Single 1837;3045685;0.01
Single 1838;3045685;0.01
Single 1839;3045685;0.01
Single 1840;3045685;0.01
Single 1841;3045685;0.01
Single 1842;3045685;0.01
Single 1843;3045685;0.01
Single 1844;3045685;0.01
Single 1845;3045685;0.01
Single 1846;3045685;0.01
Single 1847;3045685;0.01
Single 1848;3045685;0.01
Single 1849;3045685;0.01
Single 1850;3045685;0.01
Single 1851;3045685;0.01
Single 1852;3045685;0.01
Single 1853;3045685;0.01
Single 1854;3045685;0.01
Single 1855;3045685;0.01
Single 1856;3045685;0.01
Single 1857;3045685;0.01
Single 1858;3045685;0.01
Single 1859;3045685;0.01
Single 1860;3045685;0.01
Single 1861;3045685;0.01
Single 1862;3045685;0.01
Single 1863;3045685;0.01
Single 1864;3045685;0.01
Single 1865;3045685;0.01
Single 1866;3045685;0.01
Single 1867;3045685;0.01
Single 1868;3045685;0.01
Single 1869;3045685;0.01
Single 1870;3045685;0.01
Single 1871;3045685;0.01
Single 1872;3045685;0.01
Single 1873;3045685;0.01
Single 1874;3045685;0.01
Single 1875;3045685;0.01
Single 1876;3045685;0.01
Single 1877;3045685;0.01
Single 1878;3045685;0.01
Single 1879;3045685;0.01
Single 1880;3045685;0.01
Single 1881;3045685;0.01
Single 1882;3045685;0.01
Single 1883;3045685;0.01
Single 1884;3045685;0.01
Single 1885;3045685;0.01
Single 1886;3045685;0.01
Single 1887;3045685;0.01
Single 1888;3045685;0.01
Single 1889;3045685;0.01
Single 1890;3045685;0.01
Single 1891;3045685;0.01
Single 1892;3045685;0.01
Single 1893;3045685;0.01
Single 1894;3045685;0.01
Single 1895;3045685;0.01
Single 1896;3045685;0.01
Single 1897;3045685;0.01
Single 1898;3045685;0.01
Single 1899;3045685;0.01
Single 1900;3045685;0.01
Single 1901;3045685;0.01
Single 1902;3045685;0.01
Single 1903;3045685;0.01
Single 1904;3045685;0.01
Single 1905;3045685;0.01
Single 1906;3045685;0.01
Single 1907;3045685;0.01
Single 1908;3045685;0.01
Single 1909;3045685;0.01
Single 1910;3045685;0.01
Single 1911;3045685;0.01
Single 1912;3045685;0.01
Single 1913;3045685;0.01
Single 1914;3045685;0.01
Single 1915;3045685;0.01
Single 1916;3045685;0.01
Single 1917;3045685;0.01
Single 1918;3045685;0.01
Single 1919;3045685;0.01
Single 1920;3045685;0.01
Single 1921;3045685;0.01
Single 1922;3045685;0.01
Single 1923;3045685;0.01
Single 1924;3045685;0.01
Single 1925;3045685;0.01
Single 1926;3045685;0.01
Single 1927;3045685;0.01
Single 1928;3045685;0.01
Single 1929;3045685;0.01
Single 1930;3045685;0.01
Single 1931;3045685;0.01
Single 1932;3045685;0.01
Single 1933;3045685;0.01
Single 1934;3045685;0.01
Single 1935;3045685;0.01
Single 1936;3045685;0.01
Single 1937;3045685;0.01
Single 1938;3045685;0.01
Single 1939;3045685;0.01
Single 1940;3045685;0.01
Single 1941;3045685;0.01
Single 1942;3045685;0.01
Single 1943;3045685;0.01
Single 1944;3045685;0.01
Single 1945;3045685;0.01
Single 1946;3045685;0.01
Single 1947;3045685;0.01
Single 1948;3045685;0.01
Single 1949;3045685;0.01
Single 1950;3045685;0.01
Single 1951;3045685;0.01
Single 1952;3045685;0.01
Single 1953;3045685;0.01
Single 1954;3045685;0.01
Single 1955;3045685;0.01
Single 1956;3045685;0.01
Single 1957;3045685;0.01
Single 1958;3045685;0.01
Single 1959;3045685;0.01
Single 1960;3045685;0.01
Single 1961;3045685;0.01
Single 1962;3045685;0.01
Single 1963;3045685;0.01
Single 1964;3045685;0.01
Single 1965;3045685;0.01
Single 1966;3045685;0.01
Single 1967;3045685;0.01
Single 1968;3045685;0.01
Single 1969;3045685;0.01
Single 1970;3045685;0.01